fileName,PM25
201612200830.jpg,342
201612200930.jpg,336
201612201030.jpg,387
201612201130.jpg,341
201612201230.jpg,256
201612210830.jpg,366
201612210930.jpg,365
201612211030.jpg,386
201612211130.jpg,420
201612211230.jpg,436
201612220830.jpg,10
201612220930.jpg,12
201612221030.jpg,13
201612221130.jpg,14
201612221230.jpg,7
201612230830.jpg,14
201612230930.jpg,19
201612231030.jpg,14
201612240830.jpg,96
201612240930.jpg,87
201612241030.jpg,93
201612241130.jpg,87
201612241230.jpg,85
201612260830.jpg,23
201612260930.jpg,25
201612261030.jpg,18
201612271230.jpg,16
201612280830.jpg,102
201612280930.jpg,88
201612281030.jpg,41
201612281130.jpg,15
201612281230.jpg,10
201612290830.jpg,14
201612290930.jpg,19
201701020830.jpg,30
201701020930.jpg,28
201701021030.jpg,30
201701021130.jpg,29
201701021230.jpg,113
201701030830.jpg,198
201701030930.jpg,205
201701031030.jpg,206
201701031130.jpg,200
201701031230.jpg,199
201701040830.jpg,408
201701040930.jpg,359
201701041030.jpg,306
201701041130.jpg,310
201701041230.jpg,359
201701050830.jpg,280
201701050930.jpg,245
201701051030.jpg,236
201701051130.jpg,229
201701051230.jpg,219
201701060830.jpg,176
201701060930.jpg,183
201701061030.jpg,184
201701061130.jpg,194
201701061230.jpg,194
201701070830.jpg,183
201701070930.jpg,184
201701071030.jpg,170
201701071130.jpg,166
201701071230.jpg,165
201701080830.jpg,17
201701080930.jpg,17
201701081030.jpg,21
201701081130.jpg,20
201701081230.jpg,20
201701090830.jpg,13
201701090930.jpg,12
201701091030.jpg,8
201701091130.jpg,12
201701091330.jpg,14
201701100830.jpg,4
201701100930.jpg,8
201701101030.jpg,3
201701101130.jpg,4
201701101230.jpg,4
201701110830.jpg,59
201701110930.jpg,54
201701111030.jpg,68
201701111130.jpg,74
201701111230.jpg,62
201701120830.jpg,26
201701170830.jpg,128
201701170930.jpg,144
201701171030.jpg,150
201701171130.jpg,7
201701171230.jpg,64
201701171330.jpg,145
201701180830.jpg,28
201702171030.jpg,3
201702171130.jpg,3
201702171230.jpg,6
201702171330.jpg,3
201702180830.jpg,64
201702180930.jpg,74
201702181030.jpg,82
201702181130.jpg,85
201702181230.jpg,87
201702181330.jpg,82
201702190830.jpg,148
201702190930.jpg,151
201702191030.jpg,147
201702191130.jpg,155
201702191330.jpg,176
201702200830.jpg,10
201702200930.jpg,10
201702201030.jpg,10
201702201130.jpg,4
201702201230.jpg,9
201702201330.jpg,9
201702210930.jpg,85
201702211030.jpg,86
201702211230.jpg,100
201702220830.jpg,97
201702220930.jpg,102
201702221030.jpg,114
201702221230.jpg,54
201702221330.jpg,136
201702230830.jpg,21
201702230930.jpg,20
201702231030.jpg,19
201702231130.jpg,12
201702231230.jpg,7
201702231330.jpg,11
201702240830.jpg,34
201702240930.jpg,18
201702241030.jpg,18
201702241130.jpg,14
201702241230.jpg,13
201702241330.jpg,13
201702250830.jpg,20
201702250930.jpg,11
201702251030.jpg,9
201702251130.jpg,11
201702251230.jpg,5
201702251330.jpg,5
201702260830.jpg,28
201702260930.jpg,31
201702261030.jpg,32
201702261130.jpg,25
201702261230.jpg,24
201702261330.jpg,23
201702270830.jpg,77
201702270930.jpg,69
201702271030.jpg,65
201702271130.jpg,65
201702271230.jpg,58
201702271330.jpg,74
201702280830.jpg,10
201702280930.jpg,6
201702281030.jpg,6
201702281130.jpg,3
201702281230.jpg,3
201702281330.jpg,3
201703010830.jpg,5
201703010930.jpg,3
201703011030.jpg,8
201703011130.jpg,7
201703011230.jpg,5
201703011330.jpg,6
201703020830.jpg,43
201703020930.jpg,46
201703021030.jpg,47
201703021130.jpg,45
201703021230.jpg,44
201703021330.jpg,34
201703030830.jpg,82
201703030930.jpg,69
201703031030.jpg,67
201703031130.jpg,78
201703031230.jpg,96
201703031330.jpg,104
201703040830.jpg,58
201703040930.jpg,69
201703041030.jpg,78
201703041130.jpg,79
201703041230.jpg,84
201703041330.jpg,92
201703050830.jpg,7
201703050930.jpg,10
201703051030.jpg,14
201703051130.jpg,17
201703051230.jpg,3
201703051330.jpg,3
201703060830.jpg,34
201703060930.jpg,33
201703061030.jpg,30
201703061130.jpg,25
201703061230.jpg,27
201703061330.jpg,18
201703070830.jpg,7
201703071030.jpg,4
201703071230.jpg,5
201703071330.jpg,5
201703080830.jpg,5
201703080930.jpg,8
201703081030.jpg,6
201703081130.jpg,8
201703081230.jpg,9
201703081330.jpg,13
201703090830.jpg,13
201703090930.jpg,11
201703091130.jpg,5